name,phone_number,email,website,facebook,twitter,instagram,description
Art: 1 New Museum,(021) 64700168,info@mondecor.com,,art1newmuseumjkt,art1_newmuseum,art1newmuseum,"Art: 1 New Museum merupakan museum khusus yang awalnya berupa galeri seni pribadi bernama Mon Décor. Galeri seni ini didirikan oleh Martha Gunawan pada 1983, kemudian berganti nama menjadi Art:1 New Museum pada tahun 2009, dan diresmikan pada tahun 2011 oleh Gubernur Daerah Khusus Ibukota (DKI) Jakarta, Fauzi Bowo. Art:1 New Museum tidak hanya berupa museum namun juga berupa art space, sekaligus institusi seni. Museum berada di bawah kepemilikan dan pengelolaan Mon Décor Gallery."
Bayt Al-Qur’an dan Museum Istiqlal,(021) 8416466,bqmi@kemenag.go.id,https://bqmi.kemenag.go.id,bqmitmii,bqmitmii,bqmitmii,"Museum Bayt Al-Qur’an dan Museum Istiqlal merupakan museum khusus yang pendiriannya diprakarsai oleh Dr. H. Tarmizi Taher pada tahun 1994 ketika beliau menjabat sebagai Menteri Agama. Pada mulanya dibutuhkan tempat untuk menyimpan Al-Qur’an besar hadiah dari Pondok Pesantren dan Mushaf (Al-Qur’an) Istiqlal yang ditulis dengan ragam hias 27 Provinsi di Indonesia. Atas dasar tersebut maka dibangunlah Bayt Al-Qur’an (Rumah Al-Qur’an) sebagai tempat menyimpan, memelihara, dan memamerkan mushaf Al-Qur’an dari berbagai macam bentuk dan jenis di seluruh penjuru Nusantara."
Galeri Foto Jurnalistik Antara,(021) 3458771,info@gfja.org,,Museum.Galeri.Antara,,gfja,"Gedung Galeri Foto Jurnalistik Antara merupakan kantor berita swasta milik Dominique Willem Berretty, seorang berkebangsaan Belanda. Kantor berita tersebut bernama Algemeen Niewsen Telegraaf Agentschap (ANETA). Kantor berita tersebut sangat eksis sampai Jepang berkuasa atas Indonesia pada tahun 1942. Masa pendudukan Jepang, ANETA dinasionalisasi menjadi milik Jepang. ANETA pun beralih nama menjadi YASHIMA (DOMEI). Pasca kekalahan Jepang dari sekutu pada Perang Dunia II, tepatnya pada 17 Agustus 1945, berkumandanglah Proklamasi Kemerdekaan Republik Indonesia di Jakarta."
Galeri Nasional Indonesia,(021) 3813021,galeri.nasional@kemdikbud.go.id,"http://galeri-nasional.or.id, http://kebudayaan.kemdikbud.go.id/galerinasional/",galnas,galerinasional_,galerinasional,"Galeri Nasional Indonesia telah dirintis sejak tahun 1960-an sebagai salah satu wujud pembangunan Wisma Nasional / Pusat Pembangunan Kebudayaan Nasional. Dalam perjalanan pembangunannya, Prof. Dr. Fuad Hasan memprakarsai renovasi gedung utama menjadi Gedung Pameran Seni Rupa Departemen Pendidikan dan Kebudayaan sebagai sarana aktivitas dan apresiasi seni rupa yang diresmikan pada tahun 1987. Pada tahun 1995 Prof. Edi Sedyawati memprakarsai pendirian Galeri Nasional dan baru pada tahun 1998 disetujui oleh Menteri Koordinator Pengawasan Pembangunan dan Pendayagunaan Aparatur Negara. Pada tahun 1999, Galeri Nasional diresmikan oleh Yuwono Sudharsono."
Monumen Nasional,(021) 3504333,mtugumonas@yahoo.co.id,,,,,"Monumen Nasional dibangun pada masa pemerintahan Presiden Soekarno, mulai 17 Agustus 1961 dan resmi dibuka untuk umum pada 12 Juli 1975. Desain Monumen Nasional dibuat oleh arsitek R. M. Soedarsono berdasarkan konsep yang diinginkan Presiden Soekarno. Monumen ini menjadi pusat dari Lapangan Merdeka karena letaknya yang berada tepat di bagian tengah. Monumen Nasional berbentuk obelisk dengan obor api yang memiliki tinggi keseluruhan 132 m."
Monumen Pancasila Sakti,(021) 8411381,pusjarahtni@gmail.com,http://sejarah-tni.mil.id/2017/03/18/mps/,,,,"Monumen Pancasila Sakti merupakan museum khusus yang berada di bawah kepemilikan TNI dan dikelola oleh Pusat Sejarah TNI. Perjuangan Angkatan Bersenjata Republik Indonesia (ABRI), khususnya Tentara NasionaI Indonesia Angkatan Darat (TNI-AD) dalam mempertahankan Pancasila sebagai ideologi negara dan bangsa, menjadikan Partai Komunis Indonesia (PKI) semakin memusuhi TNI-AD. Akhirnya PKI melakukan penculikan dan pembunuhan terhadap beberapa Perwira Tinggi TNI-AD dalam peristiwa G30S/PKI pada tanggal 1 Oktober 1965. Perwira-perwira tersebut dibunuh, kemudian jenazahnya dikubur dalam sebuah sumur di Desa Lubang Buaya, Jakarta Timur."
Museum Alkitab,(021) 3142890,"info@alkitab.or.id, irin@alkitab.or.id",https://www.alkitab.or.id,LembagaAlkitabIndonesia,,lembagaalkitabindonesia,"Museum Alkitab merupakan museum khusus yang didirikan pada 25 Juli 2002 oleh pengurus Yayasan Lembaga Alkitab Indonesia (LAI). Pada awalnya museum ini bernama Perpustakaan dan Museum Biblika yang menjelaskan mengenai sejarah penulisan dan penerjemahan Alkitab dan benda-benda budaya Zaman Alkitab. Saat didirikannya pada tahun 2002, museum ini berlokasi di Bogor, baru pada tahun 2012 museum berpindah dan menempati ruangan di Gedung LAI di Jakarta. Tujuan pendirian museum ini adalah membantu umat Kristiani dan masyarakat umum yang membutuhkan informasi di bidang biblika atau kealkitaban."
Museum Al-Qur’an,(021) 7690901,,https://ptiq.ac.id/,,,,"Museum Al-Qur’an merupakan museum khusus yang berdiri sejak tahun 1969, berawal dari koleksi pribadi pengurus Yayasan Pendidikan Al-Qur’an di Kebayoran Baru. Seiring waktu koleksi tersebut berpindah ke Lebak Bulus dan pengelolaan diberikan kepada Perguruan Tinggi Ilmu Al-Qur’an (PTIQ). Museum Al-Qur’an didirikan pada Sabtu, 24 Juli 1971 Masehi bertepatan dengan 29 Rajab 1391 Hijriyah."
Museum Anatomi Universitas Katolik (Unika) Atmajaya,(021) 6694366,museumanatomiatmajaya@gmail.com,https://museum-anatomi-fk-unika-atma-jaya.business.site/,,,museumanatomiuaj,"Museum Anatomi Universitas Katolik (Unika) Atmajaya merupakan museum khusus yang diresmikan pada 5 Juni 1995 oleh Ketua Yayasan Atma Jaya, Prof. Dr. H. E. Harimurti Kridalaksana bersamaan dengan Lustrum ke-35 Unika Atma Jaya dan diberkati oleh Romo F.X. Krismanto. Berdirinya Museum Anatomi Universitas Katolik (Unika) Atmajaya diprakarsai oleh dr. Liliana Sugiharto, MS. PAK (K), beliau belajar dari Museum Anatomi Katholieke Universiteit Nijmegen (KUN) di bawah supervisi Dr.L.M.G. Geeraedts. Pada tahun 2014, Museum Anatomi Unika Atmajaya mengalami renovasi dan diberkati oleh Ketua Dewan Pembina Yayasan Atma Jaya sekaligus Uskup Agung Jakarta, Mgr. Ignatius Suharyo."
Museum Asmat,(021) 87792987,museum.asmat@tamanmini.com,https://www.tamanmini.com/pesona_indonesia/museum-museum/museum-asmat,,,,"Museum Asmat merupakan museum khusus yang pendiriannya digagas oleh Ibu Tien Soeharto. Saat mengunjungi Pameran Produksi Indonesia pada bulan Agustus 1985, Ibu Tien Soeharto kagum akan seni kerajinan Asmat. Kekaguman tersebut memunculkan ide untuk mengabadikan seni kerajinan Asmat di dalam bangunan museum. Pada akhir bulan Februari 1986 dimulailah pembangunan Museum Asmat dengan waktu pengerjaan 51 hari. Museum Asmat resmi dibuka pada 20 April 1986 oleh Presiden Republik Indonesia Ke-2, Soeharto. Bangunan museum berada di dekat danau yang dimaksudkan untuk mendekatkan imajinasi pengunjung bahwa wilayah Asmat dekat dengan perairan seperti lokasi aslinya yang dikelilingi laut dan sungai-sungai. Arsitektur museum mengambil ide dari Rumah Adat Kariwari dari Suku Tobati-Enggros untuk mewakili kebudayaan Papua."
Museum Bahari,(021) 6693406,museumbahari@yahoo.com,,,,museumkebaharianjkt,"Museum Bahari merupakan museum khusus yang diresmikan pada 7 Juli 1977 setelah pada satu tahun sebelumnya dilakukan pemugaran dan revitalisasi. Museum Bahari diresmikan oleh Gubernur DKI Jakarta, Ali Sadikin. Koleksi yang dipamerkan oleh museum berkaitan dengan kelautan seperti perahu tradisional, alat navigasi pelayaran, legenda, lagu-lagu masyarakat pesisir, dan benda-benda peninggalan Vereenigde Oostindische Compagnie (VOC). Museum Bahari merupakan museum yang sangat penting karena menyimpan peninggalan budaya bahari masyarakat Indonesia dan gedung museum pada masa lalu menjadi gudang penyimpanan utama VOC. Museum berada di bawah kepemilikan Pemerintah Provinsi DKI Jakarta dan dikelola oleh Dinas Kebudayaan dan Permuseuman Provinsi DKI Jakarta"
Museum Bank Indonesia,(021) 2600158,museum@bi.go.id,https://www.bi.go.id/id/layanan/museum-bi/default.aspx,MuseumBI,museumBI,museum_bi,"Museum Bank Indonesia merupakan museum khusus yang menempati gedung Bank Indonesia Kota. Gedung ini sebelumnya digunakan oleh De Javasche Bank. Gedung yang mempunyai nilai sejarah tinggi yang terancam kerusakan apabila tidak dimanfaatkan dan dilestarikan. Pemerintah telah menetapkan bangunan tersebut sebagai bangunan cagar budaya. Selain dari gedung bersejarah, Bank Indonesia juga memiliki benda-benda dan dokumen-dokumen bersejarah yang perlu dirawat dan diolah untuk dapat memberikan informasi yang sangat berguna bagi masyarakat."
Museum Bank Tabungan Negara,(021) 6886789,,,,,,"Museum Bank Tabungan Negara (BTN) merupakan museum khusus yang didirikan sebagai wadah untuk menampilkan sejarah perjalanan bisnis sekaligus sejarah BTN. Museum menempati Gedung Post Paarbank yang telah digunakan sebagai kantor BTN sejak zaman Pemerintahan Hindia Belanda. Cikal bakal BTN dimulai dengan didirikannya Post Paarbank di Batavia pada tahun 1897. Tahun 1942 saat pendudukan Jepang di Indonesia, bank ini dibekukan dan diganti dengan Tyokin Kyoku atau Chokinkyoku. Pada tahun 1950 berubah menjadi Bank Tabungan Pas dan pada tahun 1963 menjadi gedung bangunan BTN dan sekarang terdapat Museum BTN."
Museum Basoeki Abdullah,(021) 7698926,basoeki.abdullah@gmail.com,http://museumbasoekiabdullah.or.id/en/,museumbasoekiabdullah,Mus_BA,musbadul,"Museum Basoeki Abdullah merupakan museum khusus yang berada di rumah pribadi Basoeki Abdullah. Rumah pribadinya yang terletak di Jalan Keuangan Raya Nomor 19, Cilandak Barat, Jakarta Selatan, diserahkan pihak keluarga kepada Pemerintah Republik Indonesia untuk dijadikan museum. Rumah tersebut kemudian direnovasi agar dapat difungsikan sebagai museum. Pada tanggal 25 September 2001, rumah tersebut resmi beralih fungsi menjadi Museum Basoeki Abdullah, yvang diresmikan oleh Menteri Kebudayaan dan Pariwisata saat itu, Drs. I Gede Ardika."
Museum Benda-Benda Alkitab Yerushalayim,"(021) 43935346, (021) 43935347",info@museumbendaalkitab.com,http://museumbendaalkitab.com/,,,,"Museum Benda-Benda Alkitab Yerushalayim merupakan museum khusus yang kemunculannya tidak dapat dilepaskan dari terbitnya salah satu renungan favorit di Indonesia, yaitu Renungan Harian Manna Sorgawi. Sejak awal terbitnya, salah satu hal yang menjadi ciri khas Renungan Harian Manna Sorgawi adalah gambar inzet pada halaman depan. Setelah 10 tahun menampilkan berbagai gambar benda-benda yang disebutkan di dalam Alkitab, terlihat adanya kebutuhan untuk melihat secara langsung wujud fisik dari benda-benda tersebut. Keinginan tersebut ditanggapi secara serius oleh Renungan Harian Manna Sorgawi dengan menggelar beberapa pameran"
Museum BNI 1946,(021) 5728095,,,,,,"Museum BNI 1946 merupakan museum khusus yang berada di area Kota Tua, Jakarta. Museum ini dibangun untuk mencatat sejarah dari Bank Negara Indonesia (BNI), BNI dibangun pada tanggal 5 juni 1946 oleh R. M. Margono Djojohadikusumo. Bank ini berdiri sebagai bank pertama di Indonesia dan bertugas sebagai bank sental, dan mencetak serta mengedarkan Oeang Republik Indonesia (ORI). ORI pertama kali diedarkan pada tanggal 30 Oktober 1946 sebagai pengganti uang cetakan Belanda yang sudah ditarik. Hal ini menunjukkan bentuk kedaulatan Indonesia secara moneter. Museum berada di bawah kepemilikan Bank Negara Indonesia dan dikelola oleh Divisi Komunikasi Perusahaan dan Kesekretariatan. Koleksi yang terdapat di museum ini antara lain berupa, brankas, alat pencetak uang kuno, miniatur, foto tokoh BNI, dan logo BNI dari masa ke masa. Koleksikoleksi yang berada di museum ini berasal dari berbagai cabang BNI yang ada di daerahdaerah."
Museum Ciputra Artpreneur,(021) 29889889,info@ciputraartpreneur.com,https://www.ciputraartpreneur.com/,CiputraArtpreneur,artpreneur,artpreneur,"Museum Ciputra Artpreneur merupakan museum khusus yang menjadi satu-satunya museum di Jakarta yang menggabungkan kawasan pusat perbelanjaan, kawasan perkantoran, dan kawasan seni. Koleksi yang terdapat di museum merupakan koleksi pribadi Ir. Ciputra berupa lukisan Hendra Gunawan dan beberapa sketsanya. Museum ini juga memuat pameran yang akan diganti secara berkala. Fasilitas yang terdapat di Ciputra Artpreneur terbilang lengkap antara lain galeri, museum, dan teater. Ruang teater Ciputra Artpreneur berkapasitas 1.200 kursi dengan standar internasional."
Museum Dharma Bhakti Kostrad,(021) 38147070,admin@kostrad.mil.id,https://kostrad.mil.id/,penkostrad,Cakra_Kostrad,penkostrad,"Museum Dharma Bhakti Kostrad merupakan museum khusus yang gedungnya didirikan pada tahun 1870 dan digunakan sebagai Kantor Komisaris Belanda. Selanjutnya, setelah lahirnya Kostrad yang merupakan cikal bakal dari Korra-1/Caduad pada 6 Maret 1961. Bangunan ini digunakan menjadi Kantor Mayor Jenderal (Mayjen) Soeharto yang ketika itu menjabat sebagai Panglima Komando Strategis Tentara Nasional Indonesia Angkatan Darat (Pangkostrad) I. Hingga Pangkostrad XII, bangunan itu tetap berfungsi sebagai kantor. Namun, setelah itu dialihfungsikan sebagai museum.Gedung dan bangunan ini merupakan saksi bisu kekejaman Partai Komunis Indonesia (PKI) pada 1965. Mayjen Soeharto merancang pengamanan Presiden RepubIik Indonesia I, menyusun rencana pencarian korban G30S/PKI dan pengembangan taktik serta teknik penumpasan PKI dari bumi Pertiwi."
Museum di Tengah Kebun,(021) 7196907,,,,museumkebun,museumditengahkebun,"Museum di Tengah Kebun merupakan museum umum yang dibangun oleh Sjahrial Djalil, salah satu tokoh periklanan modern Indonesia dan pendiri biro iklan Ad Force Inc, di tengah kebun seluas 3.500 m2 . Museum ini disahkan pada 2009 di tangan notaris. Koleksi yang ada di museum dikumpulkan dan dibeli oleh pemilik dari berbagai balai lelang di Eropa, Amerika, Hongkong, dan Australia. Koleksi yang dikumpulkan tersebut mencapai 2.414 koleksi dan tersebar di berbagai sudut ruangan. Tujuan pendirian museum ini adalah untuk mengembalikan benda warisan budaya Indonesia yang ada di luar negeri."
Museum DPR RI,(021) 5756074,bid_arsip@dpr.go.id,https://museum.dpr.go.id/tour/,museumdpr,museumdpr,museumdpr,"Museum DPR RI merupakan museum khusus yang pendiriannya dimulai pada keanggotaan Dewan Perwakilan Rakyat Repubik Indonesia (DPR RI) Periode Tahun 1987-1992. Pembentukan Museum DPR RI dimulai dengan membentuk Yayasan Museum DPR RI yang diketuai oleh Dr. HJ. Naro, S.H. dan sebagai awal yang dilakukan oleh yayasan adalah membuat perencanaan gedung Museum DPR RI melalui pembentukan Tim Museum DPR RI dengan tugas mengumpulkan koleksi baik yang berupa naskah, foto, maupun benda yang terkait dengan sejarah DPR RI sejak zaman penjajahan Belanda (Volksraad) sampai sekarang."
Museum Fauna Indonesia “Komodo” dan Taman Reptilia,(021) 8403400,"taman.reptilia@tamanmini.com, museumkomodo@gmail.com",https://www.tamanmini.com/pesona_indonesia/museum-museum/museum-fauna-indonesia-komodo-taman-reptil,,,,Museum Fauna Indonesia “Komodo” dan Taman Reptilia (MFIK & TR) merupakan museum khusus yang dibangun pada tahun 1975 dan diresmikan pada 20 April 1978. MFIK & TR ini merupakan museum pertama di Kawasan Taman Mini Indonesia Indah (TMII). Pembangunan museum ini bertujuan untuk mengenalkan satwa asli Indonesia dalam bentuk sudah diawetkan. Konsep edukasi di museum ini mengarahkan pada pengembangan makna dan nilai-nilai yang terkandung di dalam setiap koleksi. Edukasi ditujukan mengenalkan spesimen satwa peraganya yang memiliki nilai ilmiah yang sangat penting untuk diketahui masyarakat.
Museum of Health and Medicine,"(021) 3912477, (021) 29189160, (021) 29189162","imuseum.imeri@gmail.com, imeri@ui.ac.id",https://imeri.fk.ui.ac.id/,IMERIFKUI1,imuseum_fkui,imeri_fkui,"Museum FKUI-Indonesia Museum of Health and Medicine atau iMuseum merupakan museum khusus yang diresmikan pada tanggal 14 September 2017 oleh Menteri Koordinator Bidang Pembangunan Manusia dan Kebudayaan Republik Indonesia, Puan Maharani. Museum ini difungsikan sebagai museum rujukan nasional mengenai pembelajaran dan pendidikan di bidang kesehatan dan kedokteran. Pembangunan museum ini juga merupakan pengabdian kepada masyarakat dari Fakultas Kedokteran Universitas Indonesia di bidang pendidikan kesehatan dan ilmu kedokteran."
Museum Graha Widya Patra (Minyak dan Gas Bumi),(021) 8401686,museummigas.tmii@gmail.com,,,museum_migas,museummigas.tmii,"Museum Graha Widya Patra (Minyak dan Gas Bumi) merupakan museum khusus berada di bawah kepemilikan dan pengelolaan Kementerian Energi dan Sumber Daya Mineral Republik Indonesia (Kementerian ESDM). Minyak dan gas (migas) merupakan hal yang penting dalam perkembangan bangsa Indonesia. Migas merupakan alasan bangsa lain datang ke Indonesia selain mencari rempah. Di seminar dalam rangka memperingati 100 tahun pengusahaan migas di Indonesia, muncul gagasan mendirikan sebuah museum dan pusat ilmiah migas yang diberi nama Graha Widya Patra sebagai media publikasi mengenai ilmu pengetahuan dan segala aspeknya tentang migas. Pada tahun 1987 dibangunlah museum tersebut di TMII. Dalam perjalanan pembangunan museum muncul perubahan nama museum menjadi Museum Minyak dan Gas Bumi “Graha Widya Patra”. Pada tahun 1989, museum diresmikan oleh Presiden Republik Indonesia Ke-2, Soeharto. Pada tahun 1993, museum menambah Anjung Proses, Aplikasi dan Dampak sebagai tempat informasi proses, aplikasi, dan dampak migas."
Museum Hakka Indonesia,(021) 92363682,management@museumhakkaindonesia.com,http://museumhakkaindonesia.com/en/,,,museumhakka.id,"Museum Hakka Indonesia merupakan museum khusus yang diresmikan pada tahun 2014. Museum Hakka Indonesia dibangun untuk menyampaikan kisah sejarah perjuangan nenek moyang orang Hakka yang meninggalkan kampung halamannya di Cina Selatan karena bencana alam atau peperangan dan memberikan inspirasi bagi generasi muda. Saat merantau mereka bekerja sebagai kuli tambang, buruh perkebunan, petani, atau pedagang kecil. Banyak dari mereka yang berhasil dan kemudian memberikan kontribusi bagi perkembangan dan pembangunan ekonomi setempat."
Museum Harry Darsono,"(021) 7668553, (021) 7668554, 08159993499","hdc071@gmail.com, pangathdc71@yahoo.com",http://www.harrydarsonocouture.com/,,MuseumHDarsono,sirharrydarsono,"Museum Harry Darsono merupakan museum khusus yang dikenal juga sebagai museum fashion. Museum ini didirikan pada tahun 1996 dan dipenuhi oleh 4.616 karya Harry Darsono yang telah dikumpulkan selama 30 tahun. Museum ini berawal dari keinginan Harry Darsono sejak kecil untuk membuat museum berisi koleksi rancangan pribadinya. Koleksinya tersebut terutama berhubungan dengan rancangan busana, aksesori, dan dekorasi interior sebagai tempat penataan di mana gaun ciptaannya bisa dikenakan secara elegan. Selain itu dapat dilihat juga karya Harry Darsono yang dibuat sejak tahun 1970 seperti koleksi art to wear dan kostum panggung kontemporer yang pernah ditampilkan untuk pagelaran Internasional."
Museum Indonesia,(021) 87782910,"museum.indonesia86@gmail.com, musindo@tamanmini.com",https://www.tamanmini.com/pesona_indonesia/museum-museum/museum-indonesia,,,,"Museum Indonesia merupakan museum khusus yang mulai dibangun pada tahun 1976 atas ide dari Ibu Tien Soeharto. Museum selesai dibangun pada tahun 1980 dan diresmikan oleh Presiden Republik Indonesia Ke-2, Soeharto. Museum ini dibangun untuk menjadi wadah dalam melestarikan dan membinawarisan budaya Indonesia yang beraneka ragam. Pameran yang disajikan merupakan hasil kebudayaan Indonesia dari Sabang sampai Merauke. Pengunjung yang datang ke Museum Indonesia diharapkan sadar dan bangga terhadap tanah air serta menambah kekuatan dalam menjaga Negara Kesatuan Republik Indonesia. Museum dikelola oleh Taman Mini Indonesia Indah."
Museum Jenderal Besar Dr. A.H. Nasution,(021) 3909943,,,,,,"Museum Jenderal Besar Dr. A.H. Nasution merupakan museum khusus yang diresmikan oleh Presiden Republik Indonesia Ke-7, Susilo Bambang Yudhoyono pada 3 Desember 2008, bertepatan dengan Hari Kelahiran Dr. A. H. Nasution. Museum ini menceritakan mengenai perisiwa terjadinya G30S/PKI yang menewaskan anak A.H. Nasution, Ade Irma Suryani dan ajudan jenderal, Lettu Czi Piere Andreas Tendean, serta upaya penculikan dan pembunuhan Dr. A.H. Nasution yang gagal dilakukan. Rumah tersebut sebelum dijadikan sebagai kediaman Dr. A.H. Nasution merupakan tempat tinggal pegawai Gubernur Jenderal Belanda yang dibangun pada tahun 1923. Pegawai Gubernur Jenderal Belanda yang saat itu menempati merupakan mertua Dr. A.H. Nasution."
Museum Joang ‘45,(021) 3909148,museumjoangjakarta@yahoo.com,,Musejak,,museumkesejarahan,"Museum Joang ’45 merupakan museum khusus yang didirikan di bekas hotel. Pada tahun 1938, seorang pengusaha Belanda bernama L.C. Schomper mendirikan sebuah hotel yang bernama Schomper 1 di daerah Menteng Raya. Hotel ini dibangun khusus bagi pejabat tinggi Belanda, pengusaha asing dan pejabat pribumi. Ketika Jepang menjajah Indonesia, Hotel Schomper 1 dikuasai oleh pemuda Indonesia dan dijadikan asrama dan tempat pendidikan nasionalisme para pemuda Indonesia. Ir. Soekarno, Drs. Mohammad Hatta, Adam Malik, Chaerul Saleh dan sejumlah tokoh Indonesia lainnya merupakan tokoh-tokoh yang terlibat dalam pendidikan pemuda yang memperjuangkan kemerdekaan Indonesia."
Museum Katedral,(021) 3457746,museumkatedral@gmail.com,http://www.katedraljakarta.or.id/,,,,"Museum Katedral merupakan museum khusus yang menempati balkon Gereja Katedral. Balkon ini sebelumnya dimanfaatkan untuk paduan suara. Gagasan pendirian museum berasal dari Pastor Rudolphus Kurris, SJ. Ketika pada tahun 1988 dilakukan pemugaran menyeluruh, Kurris menemukan harta gereja yang berantakan dan nyaris hancur. Kepedulian Kurris pada benda-benda bersejarah berdampak pada timbul gagasannya untuk menyimpan peninggalan-peninggalan tersebut di tempat yang layak. Ia beralasan bahwa warisan-warisan tersebut dapat membangkitkan rasa kagum terhadap masa lalu, bahkan dapat menyalurkan pengetahuan iman Katolik untuk generasi-generasi selanjutnya. Gagasan Kurris baru terwujud pada tanggal 28 April 1991. Museum Katedral pun diresmikan oleh Ketua Konferensi Wali Gereja Indonesia (KWI) Mgr. Julius Darmaatmadja. Museum berada di bawah kepemilikan dan pengelolaan Paroki Gereja Katedral."
Museum Kebangkitan Nasional,(021) 3847975,muskitnas@kemdikbud.go.id,https://muskitnas.net,,muskitnas1908,muskitnasofficial,"Museum Kebangkitan Nasional merupakan museum umum yang didirikan sebagai sarana informasi yang berkaitan dengan sejarah masa perjuangan Indonesia. Museum ini memberi informasi tentang kegiatan-kegiatan dalam mencapai kemerdekaan dan memiliki keterkaitan dengan bangunan museum, seperti pendirian Boedi Oetomo. Karena memiliki nilai sejarah yang tinggi, berkaitan dengan kelahiran Boedi Oetomo pada 20 Mei 1908, pada tahun 1948 ditetapkan sebagai Hari Kebangkitan Nasional. Selain sebagai saksi berdirinya organisasi Boedi Oetomo, gedung museum ini juga menjadi saksi lahirnya organisasi-organisasi lain, seperti Trikoro Dharmo (Jong Java), Jong Minahasa, dan Jong Ambon."
Museum Kehutanan “Ir. Djamaludin Suryohadikusumo”,(021) 5703246,"museumkehutanan@gmail.com, museum@manggala.or.id",,museumkehutanan,museumkehutanan,museumkehutanan,"Museum Kehutanan “Ir. Djamaludin Suryohadikusumo” merupakan museum khusus yang menjadi satu-satunya museum di Provinsi DKI Jakarta dengan tema kehutanan. Museum pertama kali diresmikan pada 24 Agustus 1983 dengan nama Museum Kehutanan Manggala Wanabakti. Pada 5 Juni 2015, nama museum diganti menjadi Museum Kehutanan Ir. Djamaludin Suryohadikusumo di bawah kepemilikan dan pengelolaan Kementerian Lingkungan Hidup dan Kehutanan Repubik Indonesia."
Museum Keprajuritan,(021) 8401080,musjuritindo@yahoo.com,http://sejarah-tni.mil.id/2017/03/18/700/,,,,"Museum Keprajuritan merupakan museum khusus yang diresmikan oleh Presiden Republik Indonesia Ke-2, Soeharto pada 5 Juli 1987. Museum yang berbentuk benteng persegi lima ini merupakan museum yang dikelola oleh Pusat Sejarah TNI. Konsep museum ini bertujuan untuk menggambarkan sejarah perjuangan bangsa Indonesia pada abad ke-7 sampai abad ke-19. Setiap sisi bangunan memiliki makna yang menggambarkan Indonesia. Persegi lima menunjukan dasar negara Pancasila. Menara atau yang biasa disebut sebagai bastion memiliki arti kewaspadaan nasional demi dan untuk keutuhan Negara Kesatuan Republik Indonesia."
Museum Korps Marinir Jakarta,(021) 34830945,mail@tnial.mil.id,https://www.tnial.mil.id/,tnial.dispenal.1,_TNIAL_,tni_angkatan_laut,"Museum Korps Marinir Jakarta merupakan museum khusus yang berada di lingkungan Korps Marini. Museum ini diresmikan pada 14 Desember 1960 dan berada di bawah naungan Dinas Sejarah dan Penerangan. Pada 23 Maret 1964, museum dan perpustakaan melepaskan diri dari Dinas Sejarah dan Penerangan dan berada di bawah Dinas Sejarah Korps Marinir. Tujuan pendirian museum ini untuk mengoleksi material yang digunakan oleh Korps Marinir dalam menjalankan tugasnya mengawal Negara Kesatuan Republik Indonesia. Koleksi yang berada di museum ini berupa peralatan dan perlengkapan kapal, perlengkapan kendaraan tempur dan pasukan, senjata dan amunisi, perlengkapan perorangan lapangan atau kaporlap dan tanda jasa kehormatan, lambang bendera, foto dan lukisan, serta dokumen dan arsip."
Museum Layang-layang,"(021) 7658075, (021) 75904863",museum_layang@yahoo.com,,museumlayanglayang,,museumlayanglayang.id,"Museum Layang-layang merupakan museum khusus yang dibangun pada tahun 2003. Museum ini didirikan untuk memberi informasi tentang layang-layang dari seluruh nusantara dan mancanegara, termasuk layang-layang tradisional dan modern. Museum milik Endang Ernawati ini cocok untuk anak-anak dan pecinta layang-layang, karena di museum ini terdapat berbagai informasi yang berkaitan dengan layang-layang, baik berupa tulisan, gambar, maupun video. Selain menyediakan informasi tentang layanglayang, museum ini juga menyediakan kegiatan pendukung, seperti membuat dan melukis keramik, melukis payung, kaos, dan wayang mini, serta membatik. Bila cuaca mendukung, pengunjung bisa bermain layang-layang di tempat yang sudah disediakan."
Museum Listrik dan Energi Baru,(021) 8413451,museumlistrik.tmii@gmail.com,https://www.tamanmini.com/pesona_indonesia/museum-museum/museum-listrik-dan-energi-baru,,museumlistrik,museumlistrikpln,"Museum Listrik dan Energi Baru (MLEB) merupakan museum khusus yang menjadi satu-satunya museum ilmu pengetahuan dan teknologi (science museum) di Indonesia, yang memperagakan koleksi tentang ketenagalistrikan dan energi baru terbarukan. Berbagai koleksi peragaan disajikan menggunakan teknologi modern yang interaktif sehingga pengunjung dapat mempraktekkan sendiri peraganya seperti peragaan seri paralel, peragaan menghasilkan arus listrik dari buah-buahan, pensil, koin, dan dari magnet. MLEB memiliki beberapa area yaitu Zona Selamat Datang, Zona Sejarah, Zona Sains dan Teknologi dan Zona Masa Depan. Sesuai dengan visi museum yang menjadikan museum modern, inovatif dan dicintai masyarakat sebagai wahana rekreasi edukatif yang berorientasi masa depan dengan bertumpu pada potensi listrik, di semua zona yang ada, pengunjung dapat melakukan peragaan mengenai kelistrikan secara langsung."
Museum MACAN (Modern and Contemporary Art in Nusantara),(021) 22121888,info@museummacan.org,https://www.museummacan.org/,MuseumMACAN,MuseumMACAN,museummacan,"Museum MACAN (Modern and Contemporary Art in Nusantara) merupakan museum khusus yang didirikan pada tahun 2017. Misi museum adalah menjadi panggung bagi seniman untuk memamerkan seni mereka ke khalayak global. Baik seniman aspirasi lokal dan internasional, di dalam dan di luar Indonesia akan memiliki kesempatan untuk dikuratori untuk karya-karya mereka yang luar biasa dalam bidang seni kontemporer."
Museum Mandiri,(021) 6923131,museum_mandiri@yahoo.com,https://museummandiri.wixsite.com/mbmcorner,museummandiri,museum_mandiri,museum_mandiri,"Museum Mandiri merupakan museum khusus yang menempati bangunan peninggalan masa Kolonial, dahulunya berada dalam satu taman yang menyatu dengan Stasiun Kerata Api Jakarta-Kota atau Beos (Bataviasche Oosterspoorweg Maatschappij). Bangunan ini dirancang oleh arsitek NHM, J.J.J. de Bruyn bekerjasama dengan arsitek Belanda lainnya, A.P. Smits dan C. van de Linde. Sedangkan kontraktornya ditangani oleh biro konstuksi NV Nedam (Nederlandse Aanneming Maatshappij)."
Museum MH. Thamrin,"(021) 3903387, (021) 3909148",Museumthamrin1@gmail.com,,,,sahabat_thamrin11,"Museum MH. Thamrin merupakan museum khusus yang berada di bawah kepemilikan Pemerintah Provinsi DKI Jakarta dan dikelola oleh Unit Pengelola Museum Kesejarahan Jakarta. Pada tahun 1994, Ny. Dee Zubaida Dimmyati Thamrin menyerahkan tanah dan bangunan gedung MH. Thamrin kepada Pemerintah Provinsi DKI Jakarta untuk dirawat, dikelola, dan dilestarikan sebagai museum perjuangan dengan nama Gedung Mohammad Husni Thamrin dengan Surat Keputusan Gubernur DKI Jakarta Nomor 1438 Tahun 1994. Museum ini menceritakan perjuangan Mohammad Husni Thamrin pada masa penjajahan Belanda dan sejarah hidup Mohammad Husni Thamrin (MH. Thamrin). Museum MH. Thamrin diresmikan pada 11 Januari 1986."
Museum Nasional Indonesia,(021) 3868172,"museum.nasional@kemdikbud.go.id, musnasindonesia2014@gmail.com",https://www.museumnasional.or.id/,museumnasionalindonesia,MuseumNasional,museum_nasional_indonesia,"Museum Nasional Indonesia merupakan museum umum yang didirikan pada 24 April 1778 dengan nama Bataviaasch Genootschap van Kunsten en Wetenschappen oleh Pemerintah Belanda dengan bentuk himpunan. Himpunan ini bertujuan untuk memajukan ilmu pengetahuan. Salah satu pendiri himpunan ini kemudian menyumbangkan bangunan di Kali Besar dan beberapa koleksi untuk bahan pembelajaran. Koleksi pun semakin bertambah seiring waktu sehingga bangunannya tak cukup menampung lagi. Akhirnya, seluruh koleksi dipindahkan bangunan baru di Jalan Majapahit Nomor 3 namun ternyata setelah beberapa tahun bangunan tersebut juga tak dapat lagi menampung banyaknya koleksi. Seluruh koleksi pun kembali dipindahkan ke lokasi Museum Nasional Indonesia yang sekarang"
Museum Olahraga Nasional,(021) 8401685,mornas_kemenpora@yahoo.com,https://museumor.kemenpora.go.id/,museumolahraga,museum_olahraga,museum_olahraga_nasional,"Museum Olahraga Nasional merupakan museum khusus yang diresmikan pada tahun 1989 oleh Presiden Republik Indonesia Ke-2, Soeharto bertepatan saat Hari Ulang Tahun TMII Ke-14. Pencetusan pembangunan Museum Olahraga Nasional diprakarsai oleh Sri Sultan Hamengkubuwono IX saat menjadi Ketua Komite Olahraga Nasional Indonesia (KONI) Pusat tahun 1981, namun pembangunan museum baru dimulai pada 4 Oktober 1987 dan selesai pada tahun 1989. Pembangunan museum ini didanai oleh masyarakat atas prakarsa Sri Sultan Hamengkubuwono IX melalui Yayasan Panji Olahraga agar masyarakat ikut berkontribusi. Pada tahun 1992 pegelolaan Museum Olahraga diserahkan dari Yayasan Panji Olahraga kepada Menteri Negara Pemuda dan Olahraga. Legalisasi hukum baru dilaksanakan pada tahun 2007 dengan Nomor PER0015/MENPORA/II/2007 tentang Organisasi dan Tata Kerja Museum Olahraga Nasional pada tanggal 27 Februari 2007."
Museum Pemadam Kebakaran,(021) 6344580,damkar.museum@gmail.com,https://museumdamkar.wordpress.com/,humasjakfire,museumdamkardki,museumdamkardki,"Museum Pemadam Kebakaran merupakan museum khusus yang didirikan pada tahun 2015 untuk memberikan pelayanan informasi kepada masyarakat mengenai sejarah pemadam kebakaran. Pendirian museum ini merupakan amanat Undang-undang Nomor 14 Tahun 2008 tentang Keterbukaan Informasi Publik dan Peraturan Gubernur Nomor 48 Tahun 2013 Tentang Layanan Informasi Publik. Museum berada di bawah kepemilikan Dinas Penanggulangan Kebakaran dan Penyelamatan Provinsi DKI Jakarta serta dikelola oleh Bidang Pencegahan, Seksi Publikasi, Informasi, dan Pemberdayaan Masyarakat."
Museum Penerangan,(021) 8408505,muspen@kominfo.go.id,https://muspen.kominfo.go.id,,muspen_kominfo,museumpenerangan,"Museum Penerangan merupakan museum khusus yang diresmikan oleh Presiden Republik Indonesia Ke-2, Soeharto pada 20 April 1993. Museum ini dibangun atas dasar pemikiran bahwa perjuangan bangsa Indonesia sejak zaman sebelum kemerdekaan sampai sekarang tidak lepas dari peran yang dilakukan oleh kegiatan penerangan. Peran yang dilakukan oleh penerangan dengan menggunakan media massa serta organisasi yang sederhana perlu didokumentasikan dan diabadikan dalam satu museum."
Museum Perumusan Naskah Proklamasi,(021) 3144743,munasprok@kemdikbud.go.id,,munasprok,MuseumNasProk,munasprok,"Bangunan museum yang sekarang menjadi museum ini dibangun pada tahun 1927 oleh Asuransi Nillmij yang dirancang oleh Johan Frederik Lodewijk Blankenberg, dengan fungsi sebagai kediaman resmi konsulat Kerajaan Inggris ini merupakan salah satu dari empat rumah tinggal besar di sekitar Taman Surapati (Kediaman Duta Besar Amerika Serikat, Rumah Dinas Gubernur DKI, dan Rumah Tuan Koch (telah dibongkar)) yang dirancang oleh arsitek yang sama. Rumah ini merupakan salah satu bangunan yang berada di daerah yang dirancang sebagai “kota taman” (garden city) pertama di Indonesia oleh Belanda pada tahun 1910. Sebagai sebuah kota taman, pada mulanya daerah Menteng memiliki ruangruang luar yang luas. Antara bangunan dan lingkungan tampak menyatu, serta tidak dibatasi dengan pagar-pagar yang tinggi. Bangunan-bangunan yang dibangun pada kota ini terdiri dari bangunan rumah tinggal dan bangunan fasilitas penunjang misalnya sekolah, kantor, gereja, dan toko."
Museum POLRI,(021) 7210654,museum.polri@yahoo.co.id,https://www.museumpolri.org,museumpolri,,museumpolri,"Museum POLRI merupakan museum khusus yang menjadi salah satu museum dengan konsep experience atau konsep yang memperbolehkan pengunjung untuk mengalami dan merasakan layaknya polisi. Pengunjung dapat menggunakan benda-benda atau alat transportasi yang digunakan oleh polisi. Di museum ini pengunjung dapat melihat sejarah terbentuknya Polisi Republik Indonesia (POLRI). Konsep polisi sudah digunakan pada masa Kerajaan Majapahit yang membentuk Pasukan Bhayangkara Andhika yang bertugas untuk menjaga keamanan kota dan Pasukan Bhayangkara Lelana yang bertugas menjaga keamanan daerah. Di masa VOC juga sudah dikenal konsep polisi yang menggunakan nama kaffers (penjaga penjahat), ratelwatch (penjaga malam), dan landdrost (penjaga luar Batavia). Selain sejarah terbentuknya POLRI, museum ini juga menampilkan kasus-kasus terbaru yang ditangani oleh POLRI, baik di kota maupun di daerah terpencil."
Museum Prangko,(021) 84901310,,https://www.tamanmini.com/pesona_indonesia/museum-museum/museum-prangko-indonesia,,,,Museum Prangko merupakan museum khusus yang didirikan pada 29 September 1983 atas gagasan Ibu Tien Soeharto saat acara pameran prangko yang diadakan oleh PT Pos Indonesia pada acara Jambore Pramuka Asia Pasifik Ke IV di Cibubur. Prangko merupakan hal penting dalam memberikan kebanggaan bagi bangsa karena hanya bangsa yang berdaulat dan merdeka yang diperbolehkan oleh Perserikatan Bangsa-Bangsa (PBB) untuk menerbitkan prangko. Prangko menjadi salah satu bukti bahwa Indonesia diakui oleh dunia
Museum Prasasti,(021) 3854060,museumtamanprasasti@gmail.com,,,MuseumPrasasti,museumprasasti,"Museum Prasasti merupakan museum umum yang berada di Jakarta Pusat. Museum ini merupakan Bangunan Cagar Budaya peninggalan masa Kolonial Belanda yang berada di Jalan Tanah Abang Nomor 1, Jakarta Pusat. Museum ini memiliki koleksi prasasti nisan kuno serta miniatur makam khas dari 27 provinsi di Indonesia, beserta koleksi kereta jenazah antik. Museum ini merupakan museum terbuka yang menampilkan karya seni dari masa lampau tentang kecanggihan kaligrafi, seni pahat, dan sastra."
Museum Purna Bhakti Pertiwi,(021) 87792078,museumpurnabhaktipertiwi@gmail.com,https://www.tamanmini.com/pesona_indonesia/museum-museum/museum-purna-bhakti-pertiwi,,,,"Museum Purna Bhakti Pertiwi merupakan museum khusus yang diresmikan pada 23 Agustus 1993 oleh Presiden Republik Indonesia Ke-2, Soeharto. Pendirian museum berasal dari gagasan Ibu Tien Soeharto yang meresmikan museum bertepatan dengan ulang tahunnya. Museum Purna Bhakti Pertiwi merupakan wahana pelestarian bendabenda bersejarah yang berkaitan dengan perjuangan dan pengabdian Presiden Soeharto dan Ibu Tien Soeharto kepada bangsa Indonesia, sejak masa kemerdekaan hingga masa pembangunan."
Museum Pusaka,(021) 8404155,museum.pusaka@tamanmini.com,,,,,"Museum Pusaka merupakan museum khusus yang diresmikan oleh Presiden Republik Indonesia Ke-2, Soeharto pada tanggal 20 April 1993. Museum Pusaka didirikan bertujuan untuk mengumpulkan, merawat, dan memperagakan benda-benda pusaka. Selain itu, Museum Pusaka bertugas untuk memberikan informasi kepada pengunjung dengan harapan dapat memberikan dan memperluas wawasan budaya masyarakat, khususnya generasi penerus bangsa. Museum berada di bawah pengelolaan Yayasan Harapan Kita."
Museum Santa Maria Juanda,"(021) 3447273, 089655893880",susteran.ursulin@gmail.com,https://museumsantamariajuanda.blogspot.com/,museumsantamariajuanda,,,"Museum Santa Maria Juanda merupakan museum khusus yang berada di bawah kepemilikan dan pengelolaan Komunitas Ursulin Santa Maria. Suster Ursulin adalah biarawati Katolik pertama yang datang di Indonesia (Batavia) pada tanggal 7 Februari 1856. Sekolah dan asrama putri pertama dibuka pada 1 Agustus 1856 sampai sekarang. Sejak dibangunnya sekolah dan asrama putri, banyak benda-benda peninggalan sejarah yang terserak di mana-mana, karena itu benda-benda tersebut dikumpulkan dan dipamerkan. Pada 6 Ferbruari 2011 benda-benda tersebut dipamerkan kepada murid-murid sekolah. Lima tahun kemudian tepatnya pada tahun 2016, museum dibuka untuk pengunjung umum. Dalam museum ini pengunjung dapat melihat kamar tidur pemimpin biara, chestbox, teks doa, relikui atau barang peninggalan orang suci yang dianggap berharga, dan penjelasan misi yang dilakukan di Batavia, Papua, dan Nanga Pinoh."
Museum Sasmitaloka Pahlawan Revolusi Jenderal TNI A. Yani,(021) 3105183,,,,,,"Museum Sasmitaloka Pahlawan Revolusi Jenderal TNI A. Yani merupakan museum khusus yang dibangun sekitar tahun 1930-1940-an ketika masa pengembangan wilayah Menteng dan Gondangdia. Semula gedung ini dipergunakan sebagai rumah tinggal pejabat maskapai swasta Belanda atau Eropa. Pada tahun 1950-an tempat ini dikelola oleh Dinas Perumahan Tentara, kemudian dihuni oleh Letnan Jenderal (Letjen) Ahmad Yani sebagai perwira tinggi TNI AD dengan jabatan terakhir Menteri/ Panglima Angkatan Darat Republik Indonesia. Rumah ini kemudian menjadi museum sejarah sebagai peringatan atas terbunuhnya Letjen A. Yani dalam peristiwa G30S/PKI. Museum ini diresmikan pada 1 Oktober 1966 oleh Menpangad Mayjen Soeharto, sesaat setelah rumah beserta isinya diserahkan oleh Ibu A Yani dan putera-puterinya kepada negara. Museum ini berisi berbagai barang pribadi milik Letjen A. Yani dan keluarganya, foto rekonstruksi peristiwa G30S/PKI, senapan otomatis Thompson dengan beberapa butir sisa peluru milik personel Cakrabirawa yang menewaskan A. Yani."
Museum Satriamandala,(021) 5227946,,http://sejarah-tni.mil.id/2017/03/18/msm/,,kesatriamandala,kesatriamandala,"Museum Satriamandala merupakan museum khusus yang didirikan untuk mengingat sejarah perjuangan Tentara Nasional Indonesia. Museum ini berada di Jalan Gatot Subroto, Jakarta Selatan. Museum ini diresmikan pada tahun 1972 oleh Presiden Republik Indonesia Ke-2, Soeharto, di museum ini terdapat beberapa koleksi berupa peralatan perang beberapa masa, mulai dari peralatan kuno hingga yang modern, seperti ranjau, rudal, torpedo, meriam, hingga tank. Selain memamerkan peralatan perang, di museum ini juga terdapat persenjataan berat dan ringan, panji-panji dalam ketentaraan, dan atribut ketentaraan. Selain itu, di museum ini juga terdapat tandu yang digunakan untuk membawa Jendral Sudirman saat sakit dan melakukan Perang Gerilya melawan Belanda pada tahun 1940-an. Di area Museum Satriamandala juga terdapat Museum Waspada Purbawisesa yang berisi diorama tentang penumpasan DI/TII, dan terdapat beberapa fasilitas pendukung seperti taman bacaan anak, kios cinderamata, kantin, serta gedung serba guna."
Museum Sejarah Jakarta,(021) 6929101,,,,,,"Museum Sejarah Jakarta atau dikenal dengan nama Museum Fatahillah merupakan museum umum yang pada mulanya digunakan sebagai Gedung Balai Kota (Stadhuis). Gedung ini merupakan Gedung Balai Kota kedua yang dibangun pada masa Pemerintahan VOC di Batavia. Pada tanggal 27 April 1626, Gubernur Jenderal Pieter de Carpentier (1623-1627) memutuskan untuk membangun Gedung Balai Kota yang baru ini, kemudian direnovasi pada tanggal 25 Januari 1707 di masa Pemerintahan Gubernur Jenderal, Joan van Hoorn dan selesai direnovasi pada tanggal 10 Juli 1710 di masa Pemerintahan Gubernur Jenderal Abraham van Riebeeck."
Museum Seni Rupa dan Keramik,(021) 6907062,"museum_seni@yahoo.co.id, museumsenirupa_k@yahoo.co.id",https://dinaskebudayaan.jakarta.go.id/museum-seni-rupa-dan-keramik,,museum_keramik,museum_keramikjkt,"Museum Seni Rupa dan Keramik merupakan museum khusus yang gedungnya dibangun pada 12 Januari 1870. Museum pada awalnya digunakan oleh =Pemerintah Hindia-Belanda untuk Kantor Dewan Kehakiman pada Benteng Batavia (Ordinaris Raad van Justitie Binnen Het Kasteel Batavia). Saat pendudukan Jepang dan perjuangan kemerdekaan sekitar tahun 1944, tempat itu dimanfaatkan oleh tentara KNIL dan selanjutnya untuk Asrama Militer TNI."
Museum Serangga,(021) 87798070,museum.serangga@tamanmini.com,https://www.tamanmini.com/pesona_indonesia/museum-museum/museum-serangga,,,,"Museum Serangga merupakan museum khusus yang didirikan atas prakarsa pengurus Perhimpunan Kebun Binatang Seluruh Indonesia (PKBSI) dan Museum Zoologicum Bogoriense (MZB) dengan tujuan untuk memperkenalkan keanekaragaman dunia serangga dan merangsang keinginan serta kepedulian masyarakat terhadap peran dan potensinya di alam. Museum diresmikan pada tanggal 20 April 1993 pada ulang tahun Taman Mini Indonesia Indah (TMII) Ke-18. Pada tahun 1998 didirikanlah fasilitas baru yaitu Taman Kupu-kupu beserta kebun pakan, kandang penangkaran, dan pelestarian kupu-kupu yang dilindungi dan langka. Dalam museum ini terdapat koleksi serangga dari seluruh wilayah di Indonesia. Koleksi di museum ini sekitar 600 jenis yang terdiri dari kupu-kupu, kumbang, dan serangga lainnya."
Museum Sumpah Pemuda,"(021) 3103217, (021) 3154546",museumsumpahpemuda@kemdikbud.go.id,http://museumsumpahpemuda.kemdikbud.go.id/,museumsumpahpemuda,M_SumpahPemuda,museumsumpahpemuda,"Museum Sumpah Pemuda merupakan museum khusus yang dijadikan sebagai museum oleh Pemerintah DKI Jakarta tahun 1973 dengan nama Gedung Sumpah Pemuda. Museum diresmikan oleh Presiden Republik Indonesia Ke-2, Soeharto pada tahun 1974. Pada tanggal 16 Agustus 1979 pengelolaan Gedung Sumpah Pemuda diserahkan kepada Departemen Pendidikan dan Kebudayaan dengan Surat Keputusan Menteri Pendidikan dan Kebudayaan Nomor 029/O/1983 tanggal 7 Februari 1983 yang menyatakan bahwa Gedung Sumpah Pemuda dijadikan Unit Pelaksana Teknis (UPT) di lingkungan Direktorat Jenderal Kebudayaan dengan nama Museum Sumpah Pemuda. Pada tahun 2013, bangunan utama gedung Museum Sumpah Pemuda ditetapkan sebagai Bangunan Cagar Budaya Peringkat Nasional melalui Keputusan Menteri Pendidikan dan Kebudayaan Republik Indonesia Nomor 254/M/2013 Tanggal 27 Desember 2013."
Museum Tekstil,(021) 5606613,"museum_seni@yahoo.co.id,  museum_tekstil@yahoo.co.id",,,UP_museum_seni,museum_tekstiljkt,"Museum Tekstil merupakan museum khusus yang didirikan pada tahun 1976 atas prakarsa Gubernur Ali Sadikin. Museum Tekstil merupakan lembaga pendidikan kebudayaan, memiliki misi untuk melestarikan tekstil tradisional sebagai upaya untuk meningkatkan apresiasi masyarakat terhadap tradisi tekstil Indonesia dan partisipasi dalam pelestarian warisan nasional. Museum Tekstil selalu berusaha menginformasikan dan mendidik orang melalui pameran, seminar, workshop, penelitian dan publikasi."
Museum Timor Timur,(021) 8409362,museumtimor.tmii@gmail.com,https://www.tamanmini.com/pesona_indonesia/museum-museum/museum-timor-timur,,,,"Museum Timor Timur merupakan museum khusus yang terletak di sebelah utara Istana Anak-Anak Indonesia, menghadap ke selatan, ke arah Museum Prangko Indonesia serta Museum Fauna Indonesia “Komodo” dan Taman Reptilia. Semula museum ini merupakan sebuah anjungan yang dibangun pada tahun 1979 dan diresmikan tanggal 20 April 1980 oleh Presiden Soeharto. Setelah Provinsi Timor Timur memisahkan diri dengan Negara Kesatuan Republik Indonesia, anjungan Timor Timur kemudian menjadi suatu monumen dan menjadi tanggungjawab Taman Mini Indonesia Indah (TMII)."
Museum Tragedi 12 Mei ’98 Universitas Trisakti,(021) 5663232,humas@trisakti.ac.id,http://humas.trisakti.ac.id/museum-tragedi-12-mei-1998,,musmei_usakti,musmei_usakti,Museum Tragedi 12 Mei ‘98 Universitas Trisakti merupakan museum khusus yang diresmikan pada tahun 1999. Museum ini dirancang oleh Tim Universitas Trisakti yang diketuai Dr. Ing. Eka Sediadi Rasyad yang saat itu menjabat sebagai Dekan Fakultas Teknik Sipil dan Perencanaan (FTSP) Universitas Trisakti. Museum Tragedi 12 Mei ’98 Universitas Trisakti didirikan sebagai perwujudan peran aktif mahasiswa Trisakti dalam memperjuangkan demokrasi dan hak asasi manusia.
Museum Transportasi,(021) 8400482,museum.transportasi@yahoo.com,http://museumtransportasi-tmii.blogspot.com/,,,museumtransportasi,"Museum Transportasi merupakan museum khusus yang diresmikan pada 20 April 1991 oleh Presiden Republik Indonesia Ke-2, Soeharto. Awalnya museum ini hanya direncanakan menjadi Museum Kereta Api, namun berubah menjadi Museum Transportasi sebagai tujuan mengumpulkan, memelihara, meneliti, dan memamerkan bukti sejarah, dan perkembangan transportasi serta perannya dalam pembangunan nasional. Selain itu, museum ini juga diharapkan dapat memberikan tambahan pengetahuan kepada pengunjung mengenai sejarah perkembangan teknologi transportasi sekaligus sebagai tempat rekreasi yang edukatif."
Museum Wayang,(021) 6929560,"museum_seni@yahoo.co.id, museum.wayang@yahoo.co.id",,,,wayangmuseum,"Museum Wayang merupakan museum khusus yang pada tahun 1957 diserahkan kepada Lembaga Kebudayaan Indonesia (LKI) dari Pemerintah Belanda. Pada tanggal 17 September 1962 oleh LKI diserahkan kepada Republik Indonesia dan pada tanggal 23 Juni 1968 diserahkan kepada Provinsi DKI Jakarta sebagai Kantor Dinas Museum dan Sejarah DKI Jakarta. Kemudian, pada tanggal 13 Agustus 1975 diresmikan sebagai Museum Wayang oleh Gubernur DKI Jakarta, Ali Sadikin. Saat Ini Museum Wayang di bawah Pengelolaan Unit Pengelola Museum Seni, Dinas Pariwisata dan Kebudayaan Provinsi DKI Jakarta."
Pusat Peragaan IPTEK,"(021) 8401488, 081286861686",humasppiptek@gmail.com,https://ppiptek.brin.go.id/,ppiptekpage,ppiptek,ppiptek,"Pusat Peragaan IPTEK merupakan museum khusus yang pendiriannya diprakarsai oleh B.J. Habibie pada tahun 1984. Pada tahun 1991, Pusat Peragaan Ilmu Pengetahuan dan Teknologi (PP IPTEK) resmi dibuka oleh Presiden Republik Indonesia Ke-2, Soeharto, namun masih menggunakan bangunan sementara di Terminal B Skylift-TMII. Baru pada tahun 1995 PP IPTEK menempati bangunan permanen di Kawasan Taman Mini Indonesia Indah (TMII). Bangunan museum yang dibangun dengan desain futuristik diharapkan dapat mengembangkan IPTEK di masa depan dan menjelajah tanpa batas. Alat peraga yang saat ini dipamerkan sudah berjumlah 317 dan merupakan hasil dari ciptaan tenaga ahli dari Puslitbang KIM-LIPI, LUK BPPT, BATAN, dan dari industri strategis dan IBM."
